Workbook

Sheet ダッシュボード
A1: UNS 勤怠管理システム
A3: 会社名: | B3: ユニバーサル企画株式会社
A4: 許可番号: | B4: 派23-303669
A5: 作成日: | B5: 2025-12-12 11:14
A7: 【シート構成】
A8: 従業員マスタ | B8: 派遣社員の基本情報を管理
A9: 派遣先マスタ | B9: 派遣先（工場）の情報・締め日・シフト等
A10: 勤怠表_YYYY年MM月 | B10: 日々の出退勤記録
A11: 給与計算_YYYY年MM月 | B11: 給与計算・控除計算
A12: 給与明細_YYYY年MM月 | B12: 従業員への給与明細書
A14: 【控除率設定】
A15: 健康保険 | B15: 5.0%
A16: 厚生年金 | B16: 9.15%
A17: 雇用保険 | B17: 0.6%
A19: 【割増率設定】
A20: 時間外労働 | B20: 25%増 (×1.25)
A21: 深夜労働 | B21: 25%増 (×1.25)
A22: 休日労働 | B22: 35%増 (×1.35)
A23: 60h超過 | B23: 50%増 (×1.50)

Sheet 従業員マスタ
A1: 社員番号 | B1: 氏名 | C1: 氏名カナ | D1: 生年月日 | E1: 性別 | F1: 在留カード番号 | G1: 在留期限 | H1: 国籍 | I1: 住所 | J1: 電話番号 | K1: 派遣先 | L1: 工場名 | M1: 部署 | N1: ライン | O1: 入社日 | P1: 時給 | Q1: 交通費 | R1: 社宅 | S1: 社宅家賃 | T1: 扶養人数
A2: E001 | B2: グエン・ヴァン・ミン | C2: グエン ヴァン ミン | D2: 1995-05-15 | E2: 男 | F2: AB12345678CD | G2: 2026-03-15 | H2: ベトナム | I2: 愛知県名古屋市港区当知1-1-1 | J2: 090-1234-5678 | K2: 加藤木材工業株式会社 | L2: 本社工場 | M2: 生産1部 | N2: 1課 | O2: 2023-04-01 | P2: 1700 | Q2: 5000 | R2: 有 | S2: 25000 | T2: 0
A3: E002 | B3: チャン・ティ・ラン | C3: チャン ティ ラン | D3: 1998-08-22 | E3: 女 | F3: EF98765432GH | G3: 2025-12-20 | H3: ベトナム | I3: 愛知県名古屋市港区当知1-1-2 | J3: 090-8765-4321 | K3: 加藤木材工業株式会社 | L3: 本社工場 | M3: 生産1部 | N3: 2課 | O3: 2023-06-15 | P3: 1700 | Q3: 5000 | R3: 有 | S3: 25000 | T3: 0
A4: E003 | B4: レ・ヴァン・ドゥック | C4: レ ヴァン ドゥック | D4: 1993-02-10 | E4: 男 | F4: IJ11223344KL | G4: 2026-06-30 | H4: ベトナム | I4: 愛知県名古屋市港区当知1-1-3 | J4: 090-1111-2222 | K4: 高雄工業株式会社 | L4: 岡山工場 | M4: 製作課 | N4: CVJ短軸旋盤係 | O4: 2022-10-01 | P4: 1650 | Q4: 8000 | R4: 有 | S4: 28000 | T4: 1

Sheet 派遣先マスタ
A1: 派遣先ID | B1: 派遣先名 | C1: 工場名 | D1: 住所 | E1: 電話番号 | F1: 担当者部署 | G1: 担当者名 | H1: 締め日 | I1: 支払日 | J1: 昼勤開始 | K1: 昼勤終了 | L1: 夜勤開始 | M1: 夜勤終了 | N1: 休憩時間(分) | O1: 実働時間 | P1: 丸め単位(分) | Q1: 基本時給 | R1: 残業率 | S1: 深夜率 | T1: 休日率
A2: F001 | B2: 加藤木材工業株式会社 | C2: 本社工場 | D2: 愛知県春日井市新開町字平渕6 | E2: 0568-36-2931 | F2: 生産統括部 | G2: 部長 渡邉 茂芳 | H2: 20 | I2: 翌月20日 | J2: 8:00 | K2: 17:00 | L2: 20:00 | M2: 5:00 | N2: 80 | O2: 7:40 | P2: 5 | Q2: 1700 | R2: 1.25 | S2: 1.25 | T2: 1.35
A3: F002 | B3: 加藤木材工業株式会社 | C3: 春日井工場 | D3: 愛知県春日井市新開町字別渕20 | E3: 0568-36-2932 | F3: 生産統括部 | G3: 課長 山田 太郎 | H3: 20 | I3: 翌月20日 | J3: 8:00 | K3: 17:00 | L3: 20:00 | M3: 5:00 | N3: 80 | O3: 7:40 | P3: 5 | Q3: 1700 | R3: 1.25 | S3: 1.25 | T3: 1.35
A4: F003 | B4: 高雄工業株式会社 | C4: 岡山工場 | D4: 岡山県岡山市北区御津伊田1028-19 | E4: 086-724-5330 | F4: 岡山事業所 | G4: 課長 大治 国利 | H4: 15 | I4: 当月末日 | J4: 7:00 | K4: 15:30 | L4: 19:00 | M4: 3:30 | N4: 45 | O4: 7:30 | P4: 15 | Q4: 1650 | R4: 1.25 | S4: 1.25 | T4: 1.35

Sheet 勤怠表_2025年12月
A1: 社員番号 | B1: 氏名 | C1: 派遣先 | D1: 工場名 | E1: 時給 | F1: 1日 | J1: 2日 | N1: 3日 | R1: 4日 | V1: 5日 | Z1: 6日 | AD1: 7日 | AH1: 8日 | AL1: 9日 | AP1: 10日 | AT1: 11日 | AX1: 12日 | BB1: 13日 | BF1: 14日 | BJ1: 15日 | BN1: 16日 | BR1: 17日 | BV1: 18日 | BZ1: 19日 | CD1: 20日 | CH1: 21日 | CL1: 22日 | CP1: 23日 | CT1: 24日 | CX1: 25日 | DB1: 26日 | DF1: 27日 | DJ1: 28日 | DN1: 29日 | DR1: 30日 | DV1: 31日 | DZ1: 出勤日数 | EA1: 総労働時間 | EB1: 所定内時間 | EC1: 残業時間 | ED1: 深夜時間 | EE1: 休日時間 | EF1: 有休日数 | EG1: 有休時間
F2: 出勤 | G2: 退勤 | H2: 休憩 | I2: 実働 | J2: 出勤 | K2: 退勤 | L2: 休憩 | M2: 実働 | N2: 出勤 | O2: 退勤 | P2: 休憩 | Q2: 実働 | R2: 出勤 | S2: 退勤 | T2: 休憩 | U2: 実働 | V2: 出勤 | W2: 退勤 | X2: 休憩 | Y2: 実働 | Z2: 出勤 | AA2: 退勤 | AB2: 休憩 | AC2: 実働 | AD2: 出勤 | AE2: 退勤 | AF2: 休憩 | AG2: 実働 | AH2: 出勤 | AI2: 退勤 | AJ2: 休憩 | AK2: 実働 | AL2: 出勤 | AM2: 退勤 | AN2: 休憩 | AO2: 実働 | AP2: 出勤 | AQ2: 退勤 | AR2: 休憩 | AS2: 実働 | AT2: 出勤 | AU2: 退勤 | AV2: 休憩 | AW2: 実働 | AX2: 出勤 | AY2: 退勤 | AZ2: 休憩 | BA2: 実働 | BB2: 出勤 | BC2: 退勤 | BD2: 休憩 | BE2: 実働 | BF2: 出勤 | BG2: 退勤 | BH2: 休憩 | BI2: 実働 | BJ2: 出勤 | BK2: 退勤 | BL2: 休憩 | BM2: 実働 | BN2: 出勤 | BO2: 退勤 | BP2: 休憩 | BQ2: 実働 | BR2: 出勤 | BS2: 退勤 | BT2: 休憩 | BU2: 実働 | BV2: 出勤 | BW2: 退勤 | BX2: 休憩 | BY2: 実働 | BZ2: 出勤 | CA2: 退勤 | CB2: 休憩 | CC2: 実働 | CD2: 出勤 | CE2: 退勤 | CF2: 休憩 | CG2: 実働 | CH2: 出勤 | CI2: 退勤 | CJ2: 休憩 | CK2: 実働 | CL2: 出勤 | CM2: 退勤 | CN2: 休憩 | CO2: 実働 | CP2: 出勤 | CQ2: 退勤 | CR2: 休憩 | CS2: 実働 | CT2: 出勤 | CU2: 退勤 | CV2: 休憩 | CW2: 実働 | CX2: 出勤 | CY2: 退勤 | CZ2: 休憩 | DA2: 実働 | DB2: 出勤 | DC2: 退勤 | DD2: 休憩 | DE2: 実働 | DF2: 出勤 | DG2: 退勤 | DH2: 休憩 | DI2: 実働 | DJ2: 出勤 | DK2: 退勤 | DL2: 休憩 | DM2: 実働 | DN2: 出勤 | DO2: 退勤 | DP2: 休憩 | DQ2: 実働 | DR2: 出勤 | DS2: 退勤 | DT2: 休憩 | DU2: 実働 | DV2: 出勤 | DW2: 退勤 | DX2: 休憩 | DY2: 実働
A3: E001 | B3: グエン・ヴァン・ミン | C3: 加藤木材工業株式会社 | D3: 本社工場 | E3: 1700 | F3: 8:00 | G3: 17:00 | H3: 80 | I3: =IF(OR(F3="",G3=""),"",(G3-F3)*24-H3/60) -> 7.6666667 | J3: 8:00 | K3: 17:00 | L3: 80 | M3: =IF(OR(J3="",K3=""),"",(K3-J3)*24-L3/60) -> 7.6666667 | N3: 8:00 | O3: 17:00 | P3: 80 | Q3: =IF(OR(N3="",O3=""),"",(O3-N3)*24-P3/60) -> 7.6666667 | R3: 8:00 | S3: 17:00 | T3: 80 | U3: =IF(OR(R3="",S3=""),"",(S3-R3)*24-T3/60) -> 7.6666667 | V3: 8:00 | W3: 17:00 | X3: 80 | Y3: =IF(OR(V3="",W3=""),"",(W3-V3)*24-X3/60) -> 7.6666667 | DZ3: =COUNTA(I3:DY3) -> 17 | EA3: =SUMPRODUCT((I3:DY3<>"")*(MOD(COLUMN(I3:DY3)-COLUMN(I3),4)=0)*(I3:DY3)) -> 38.333333
A4: E002 | B4: チャン・ティ・ラン | C4: 加藤木材工業株式会社 | D4: 本社工場 | E4: 1700 | F4: 8:00 | G4: 17:00 | H4: 80 | I4: =IF(OR(F4="",G4=""),"",(G4-F4)*24-H4/60) -> 7.6666667 | J4: 8:00 | K4: 17:00 | L4: 80 | M4: =IF(OR(J4="",K4=""),"",(K4-J4)*24-L4/60) -> 7.6666667 | N4: 8:00 | O4: 17:00 | P4: 80 | Q4: =IF(OR(N4="",O4=""),"",(O4-N4)*24-P4/60) -> 7.6666667 | R4: 8:00 | S4: 17:00 | T4: 80 | U4: =IF(OR(R4="",S4=""),"",(S4-R4)*24-T4/60) -> 7.6666667 | V4: 8:00 | W4: 17:00 | X4: 80 | Y4: =IF(OR(V4="",W4=""),"",(W4-V4)*24-X4/60) -> 7.6666667 | DZ4: =COUNTA(I4:DY4) -> 17 | EA4: =SUMPRODUCT((I4:DY4<>"")*(MOD(COLUMN(I4:DY4)-COLUMN(I4),4)=0)*(I4:DY4)) -> 38.333333
A5: E003 | B5: レ・ヴァン・ドゥック | C5: 高雄工業株式会社 | D5: 岡山工場 | E5: 1650 | F5: 8:00 | G5: 17:00 | H5: 80 | I5: =IF(OR(F5="",G5=""),"",(G5-F5)*24-H5/60) -> 7.6666667 | J5: 8:00 | K5: 17:00 | L5: 80 | M5: =IF(OR(J5="",K5=""),"",(K5-J5)*24-L5/60) -> 7.6666667 | N5: 8:00 | O5: 17:00 | P5: 80 | Q5: =IF(OR(N5="",O5=""),"",(O5-N5)*24-P5/60) -> 7.6666667 | R5: 8:00 | S5: 17:00 | T5: 80 | U5: =IF(OR(R5="",S5=""),"",(S5-R5)*24-T5/60) -> 7.6666667 | V5: 8:00 | W5: 17:00 | X5: 80 | Y5: =IF(OR(V5="",W5=""),"",(W5-V5)*24-X5/60) -> 7.6666667 | DZ5: =COUNTA(I5:DY5) -> 17 | EA5: =SUMPRODUCT((I5:DY5<>"")*(MOD(COLUMN(I5:DY5)-COLUMN(I5),4)=0)*(I5:DY5)) -> 38.333333

Sheet 給与計算_2025年12月
A1: 社員番号 | B1: 氏名 | C1: 派遣先 | D1: 時給 | E1: 出勤日数 | F1: 所定内時間 | G1: 残業時間 | H1: 深夜時間 | I1: 休日時間 | J1: 有休時間 | K1: 基本給 | L1: 残業手当 | M1: 深夜手当 | N1: 休日手当 | O1: 有休手当 | P1: 交通費 | Q1: 支給合計 | R1: 健康保険 | S1: 厚生年金 | T1: 雇用保険 | U1: 所得税 | V1: 住民税 | W1: 社宅家賃 | X1: 水道光熱費 | Y1: 弁当代 | Z1: 前貸 | AA1: 控除合計 | AB1: 差引支給額
A2: E001 | B2: グエン・ヴァン・ミン | C2: 加藤木材工業株式会社 | D2: 1700 | E2: 20 | F2: 160 | G2: 20 | H2: 10 | I2: 0 | J2: 8 | K2: =D2*F2 -> 272000 | L2: =D2*G2*1.25 -> 42500 | M2: =D2*H2*0.25 -> 4250 | N2: =D2*I2*1.35 -> 0 | O2: =D2*J2 -> 13600 | P2: 5000 | Q2: =SUM(K2:P2) -> 337350 | R2: =ROUND(Q2*0.05,0) -> 16868 | S2: =ROUND(Q2*0.0915,0) -> 30868 | T2: =ROUND(Q2*0.006,0) -> 2024 | U2: =ROUND((Q2-88000)*0.05,0) -> 12468 | V2: 10000 | W2: 25000 | X2: 5000 | Y2: =E2*400 -> 8000 | Z2: 0 | AA2: =SUM(R2:Z2) -> 110228 | AB2: =Q2-AA2 -> 227122
A3: E002 | B3: チャン・ティ・ラン | C3: 加藤木材工業株式会社 | D3: 1700 | E3: 20 | F3: 160 | G3: 20 | H3: 10 | I3: 0 | J3: 8 | K3: =D3*F3 -> 272000 | L3: =D3*G3*1.25 -> 42500 | M3: =D3*H3*0.25 -> 4250 | N3: =D3*I3*1.35 -> 0 | O3: =D3*J3 -> 13600 | P3: 5000 | Q3: =SUM(K3:P3) -> 337350 | R3: =ROUND(Q3*0.05,0) -> 16868 | S3: =ROUND(Q3*0.0915,0) -> 30868 | T3: =ROUND(Q3*0.006,0) -> 2024 | U3: =ROUND((Q3-88000)*0.05,0) -> 12468 | V3: 10000 | W3: 25000 | X3: 5000 | Y3: =E3*400 -> 8000 | Z3: 0 | AA3: =SUM(R3:Z3) -> 110228 | AB3: =Q3-AA3 -> 227122
A4: E003 | B4: レ・ヴァン・ドゥック | C4: 高雄工業株式会社 | D4: 1650 | E4: 20 | F4: 160 | G4: 20 | H4: 10 | I4: 0 | J4: 8 | K4: =D4*F4 -> 264000 | L4: =D4*G4*1.25 -> 41250 | M4: =D4*H4*0.25 -> 4125 | N4: =D4*I4*1.35 -> 0 | O4: =D4*J4 -> 13200 | P4: 5000 | Q4: =SUM(K4:P4) -> 327575 | R4: =ROUND(Q4*0.05,0) -> 16379 | S4: =ROUND(Q4*0.0915,0) -> 29973 | T4: =ROUND(Q4*0.006,0) -> 1965 | U4: =ROUND((Q4-88000)*0.05,0) -> 11979 | V4: 10000 | W4: 25000 | X4: 5000 | Y4: =E4*400 -> 8000 | Z4: 0 | AA4: =SUM(R4:Z4) -> 108296 | AB4: =Q4-AA4 -> 219279
A5: 合計 | E5: =SUM(E2:E4) -> 60 | F5: =SUM(F2:F4) -> 480 | G5: =SUM(G2:G4) -> 60 | H5: =SUM(H2:H4) -> 30 | I5: =SUM(I2:I4) -> 0 | J5: =SUM(J2:J4) -> 24 | K5: =SUM(K2:K4) -> 808000 | L5: =SUM(L2:L4) -> 126250 | ... AB5: =SUM(AB2:AB4) -> 673523

Sheet 給与明細_2025年12月
A1: 給 与 明 細 書 2025年12月分
A2: ユニバーサル企画株式会社
A3: 派遣許可番号: 派23-303669
A5: 社員番号 | B5: =給与計算_2025年12月!A2 -> E001 | D5: 氏名 | E5: =給与計算_2025年12月!B2 -> グエン・ヴァン・ミン
A6: 派遣先 | B6: =給与計算_2025年12月!C2 -> 加藤木材工業株式会社
A8: 【勤怠】
A9: 出勤日数 | B9: 所定内時間 | C9: 残業時間 | D9: 深夜時間 | E9: 休日時間 | F9: 有休時間
A10: =給与計算_2025年12月!E2 -> 20 | B10: =給与計算_2025年12月!F2 -> 160 | C10: =給与計算_2025年12月!G2 -> 20 | D10: =給与計算_2025年12月!H2 -> 10 | E10: =給与計算_2025年12月!I2 -> 0 | F10: =給与計算_2025年12月!J2 -> 8
A12: 【支給】
A13: 基本給 | B13: 残業手当 | C13: 深夜手当 | D13: 休日手当 | E13: 有休手当 | F13: 交通費 | G13: 支給合計
A14: =給与計算_2025年12月!K2 -> 272000 | B14: =給与計算_2025年12月!L2 -> 42500 | C14: =給与計算_2025年12月!M2 -> 4250 | D14: =給与計算_2025年12月!N2 -> 0 | E14: =給与計算_2025年12月!O2 -> 13600 | F14: =給与計算_2025年12月!P2 -> 5000 | G14: =給与計算_2025年12月!Q2 -> 337350
A16: 【控除】
A17: 健康保険 | B17: 厚生年金 | C17: 雇用保険 | D17: 所得税 | E17: 住民税 | F17: 社宅家賃 | G17: 水道光熱費 | H17: 弁当代
A18: =給与計算_2025年12月!R2 -> 16868 | B18: =給与計算_2025年12月!S2 -> 30868 | C18: =給与計算_2025年12月!T2 -> 2024 | D18: =給与計算_2025年12月!U2 -> 12468 | E18: =給与計算_2025年12月!V2 -> 10000 | F18: =給与計算_2025年12月!W2 -> 25000 | G18: =給与計算_2025年12月!X2 -> 5000 | H18: =給与計算_2025年12月!Y2 -> 8000
A20: 控除合計 | B20: =給与計算_2025年12月!AA2 -> 110228
A22: 差引支給額 | B22: =給与計算_2025年12月!AB2 -> 227122
